URL,Last crawled
https://zuzapragtour.de/blog/all-museums-in-prague-complete-guide,2026-10-02
https://zuzapragtour.de/blog/beste-fotospots-prag,2026-09-06
https://zuzapragtour.de/blog/tropfsteinwand-mala-strana-karlsbruecke-geheimtipps,2026-08-21
https://zuzapragtour.de/blog/wallenstein-garden-prague,2026-08-07
https://zuzapragtour.de/blog/strahov-monastery-prague,2026-07-07
https://zuzapragtour.de/blog/was-kann-man-in-prag-machen,2026-06-19
https://zuzapragtour.de/blog/prague-visitor-pass-ehrliche-bewertung,2026-04-13
https://zuzapragtour.de/blog/prager-burg-vollstaendiger-besucher-guide,2026-04-13
https://zuzapragtour.de/blog/prag-kulinarik-guide,2026-04-13
https://zuzapragtour.de/blog/prag-im-fruehling,2026-04-13
https://zuzapragtour.de/blog/prag-imax-kafka-grab-vinohrady-guide,2026-04-13
https://zuzapragtour.de/blog/prag-im-sommer,2026-04-13
https://zuzapragtour.de/blog/vaclav-havel-tour-prague,2026-04-13